Ticker,EPS,PE,PEG,PS,PB,VEBITDA,Dividend Yield,Beta,Book Value,Industry
BCE,2.294,18.75763,7.58,,3.0569763,,0.0612,0.285808,12729320928,Telecom Services
ASH,-8.379,17.443993,1.05,2.2331746,1.7209163,15.306,0.0127,1.342436,3018371328,Specialty Chemicals
ATD-B.TO,2.48,15.30242,4.76,0.90896314,3.5434175,10.752,0.0092,0.838283,9201443207,Grocery Stores
ANET,8.938,34.818752,5.4,10.59906,7.6323724,28.351,,1.207983,3085097826,Computer Hardware
0386.HK,0.530812,7.460268,,,4.370861,,0.0863,1.057201,23115140690,Oil & Gas Integrated
3311.HK,1.0721,4.309299,,0.37546098,0.45548654,6.795,0.0714,0.797752,51213631827,Engineering & Construction
ATV,3.811,5.474941,,1.4434074,0.8144982,88.907,,0.474264,65860026.15,Internet Retail
BNS,5.124,10.636222,2.6,,1.42101,,0.0521,0.869306,46461975404,Banks—Diversified
0JT5.L,17.599,31.801521,,7.6036553,14.933029,23.641,,1.341386,5816103957,
BNFT,-1.025,-99.928566,-1.44,1.6143692,,121.977,,1.781512,-53679567.1,Software—Application
AV.L,54.9,6.3588343,,0.3685863,73.8055,1.672,0.0602,1.241573,18581757624,Insurance—Diversified
AEP,3.862,21.253237,3.06,2.730097,2.0003898,13.678,0.0361,0.214285,20367875137,Utilities—Regulated Electric
BBBY,-1.824,23.06107,-0.33,0.37671173,2.587137,18.245,0.17940001,2.122899,1415427555,Specialty Retail
AMGN,12.399,20.445196,2.33,5.906265,13.497684,13.403,0.0278,0.761554,10933716440,Drug Manufacturers—General
ASGN,3.467,26.077301,1.93,1.2064093,3.1319501,14.074,,2.217962,1527064300,Staffing & Employment Services
AAL,-14.003,-2.5891979,0.02,0.39243135,,-7.236,,1.824579,-6638502780,Airlines
AWK,3.65,44.08493,5,7.7658353,4.4791784,20.77,0.0137,0.184348,6512015328,Utilities—Regulated Water
0857.HK,0.279375,9.055929,,,2.5024726,,0.0571,0.839121,21330987350,Oil & Gas Integrated
ALL,14.282,7.7321105,1.39,0.7589158,1.3272678,4.578,0.0196,0.807773,25298761668,Insurance—Property & Casualty
0384.HK,1.76,16.789772,,2.62041,3.446868,13.389,0.016900001,0.349846,44685647324,Utilities—Regulated Gas
000333.SZ,3.583,28.068659,,2.5798008,6.2137785,23.926,0.0159,1.08841,1.13782E+11,Consumer Electronics
ADBE,10.83,43.62327,2.44,17.575151,17.061138,46.771,,0.971638,13283899051,Software—Infrastructure
BHP,3.14,22.863056,,4.216599,3.7871916,9.756,0.0306,0.959652,47938965760,Other Industrial Metals & Mining
2318.HK,9.398175,10.374354,,,22.209568,,0.0238,1.052093,32694876902,Insurance—Life
601888.SS,1.833,154.39171,,11.768695,28.114445,113.159,0.0025,1.430505,19653663680,Travel Services
3690.HK,,,,,44.1477,,,1.117735,44338021902,Internet Retail
002415.SZ,1.393,47.91098,,10.420719,13.047898,42.293,0.0105,1.234966,47791595428,Computer Hardware
300760.SZ,5.242,91.2209,,28.721003,26.364891,76.333,0.0031,-0.310455,22048969240,Medical Devices
BRDT3.SA,0.73,28.630136,,0.2971394,2.5324123,13.402,0.020499999,0.916614,9614744472,Specialty Retail
000002.SZ,3.557,8.226033,,0.8594063,1.6772715,7.172,0.0347,0.651135,1.69639E+11,Real Estate—Development
BNED,-1.685,-49,-0.16,0.15424085,0.6319319,-24.849,,2.493172,380439154.4,Specialty Retail
2202.HK,2.111375,13.995618,,,15.326763,,0.0378,0.651135,3650745058,Real Estate—Development
0267.HK,1.85,3.3189187,,0.25086367,0.2992057,0.525,0.0627,0.652196,5.96962E+11,Conglomerates
002142.SZ,2.338,16.163387,,7.5404844,2.2594917,,0.013200001,0.812425,1.00484E+11,Banks—Regional
BPFH,0.55,24.054544,2.02,3.688583,1.2549801,,0.018099999,1.150735,867968232.8,Banks—Regional
ACH,0.325,26.153847,,,0.64761907,,,2.008171,8936904480,Aluminum
B3SA3.SA,1.85,31.648647,,15.482136,4.7858424,22.214,0.031,1.029868,24886157729,Financial Data & Stock Exchanges
0939.HK,1.173375,5.1645894,,,5.410714,,0.0577,0.693054,2.69267E+11,Banks—Diversified
601138.SS,0.856,17.231308,,0.7124619,3.0838387,15.109,0.013200001,0.77251,95041075821,Communication Equipment
AFL,6.357,7.30376,1.56,1.493544,1.0057839,8.32,0.028399998,0.966386,32426968166,Insurance—Life
BBDC3.SA,1.63,13.447853,,3.4074287,1.4089215,,0.0094,1.356033,19510510647,Banks—Regional
600007.SS,0.845,14.4733715,,3.894929,1.5792872,7.853,0.0311,0.639585,7800376320,Real Estate Services
BBDC4.SA,1.63,15.343558,,3.4074295,1.6075331,,0.0091,1.356033,66390340249,Banks—Regional
BBD-B.TO,-0.933,-3.6190476,-0.21,0.1276509,,119.939,,3.110231,-7996156202,Aerospace & Defense
600900.SS,1.089,17.364555,,7.869183,2.5928972,12.836,0.036,0.19992,1.65857E+11,Utilities—Independent Power Producers
BBSE3.SA,2.053,13.843157,,10.633054,8.9258795,10.934,0.098000005,0.985663,6357269971,Insurance—Diversified
BPAC11.SA,1.477,62.884224,,2.751601,9.671978,,0.013200001,1.534511,0,Capital Markets
600009.SS,0.154,462.14285,,22.210035,4.6106505,434.06,0.0111,0.705694,29744554560,Airports & Air Services
600519.SS,35.49,58.606647,,28.49012,17.600443,42.045,0.0082,0.85225,1.48453E+11,Beverages—Wineries & Distilleries
0941.HK,5.822175,8.175638,,,6.2149105,,0.0643,0.502042,1.56822E+11,Telecom Services
000858.SZ,4.998,59.13565,,20.667704,14.2824,42.474,0.0074,1.256471,80326037009,Beverages—Wineries & Distilleries
600276.SS,1.1,102.36363,,23.308605,21.217258,84.32,0.0018,0.422142,28295439059,Drug Manufacturers—General
BNZL.L,113.7,21.178541,,0.84139687,423.0499,13.55,0.0214,0.39479,1918198354,Food Distribution
BRFS3.SA,1.428,14.488796,,0.44083354,2.3581035,10.881,,1.218637,7086821288,Packaged Foods
AC.TO,-12.173,-6.9247646,0.04,0.78366,3.8217993,-7.993,,2.533333,1934646828,Airlines
ABEV3.SA,0.547,27.696526,,4.2474737,3.0556674,12.342,0.0051,0.848665,78013632772,Beverages—Brewers
BBAS3.SA,5.267,6.39643,,1.5955949,0.80158937,,0.0438,1.358422,1.19919E+11,Banks—Regional
0914.HK,7.096125,6.834716,,,16.313488,,0.044899996,0.96527,3863710800,Building Materials
0700.HK,11.01408,62.737877,,,136.6693,,0.0017,0.607763,48460395446,Internet Content & Information
BRKM5.SA,-13.141,5.9726367,,0.37119192,,21.313,,0.838311,-1929202030,Chemicals
600585.SS,6.51,8.030722,,1.5374492,1.8284194,4.367,0.0383,0.96527,1.14363E+11,Building Materials
ANF,-1.811,20.266666,-1.24,0.47597042,1.7862651,12.42,,1.83771,849449380.5,Apparel Retail
ACB,0.216,49.305553,,,3.0968304,,,3.260066,631592984,Drug Manufacturers—Specialty & Generic
BMY,-0.022,8.654155,0.49,3.7032478,2.9086323,10.137,0.0305,0.65126,50157408514,Drug Manufacturers—General
APAM,2.992,17.643717,0.81,4.8982263,22.31192,10.141,0.0529,1.912289,145332733,Asset Management
AZN,0.95,56.05263,1.1,5.4165945,11.457773,20.418,0.026300002,0.206332,12201267204,Drug Manufacturers—General
ABBV,4.572,24.247595,0.96,4.81476,12.816186,14.962,0.0469,0.819327,15271315085,Drug Manufacturers—General
AEO,-1.253,18.39394,-198.01,1.0670371,3.77605,35.402,0.0227,1.428571,1068563120,Apparel Retail
APD,8.486,33.41975,2.98,7.0785203,5.1889124,18.935,0.0189,0.794117,12072961570,Chemicals
BBW,-1.834,19.652174,-0.11,0.27096775,1.197351,-61.862,,1.880252,60250132.5,Specialty Retail
BCS,0.112,69.73214,,,0.39920264,,,1.399897,84904239106,Banks—Diversified
AAPL,3.28,42.39939,2.54,8.522728,36.131466,30.976,0.0059,1.283613,64752882070,Consumer Electronics
BECN,-1.525,12.987804,1.75,0.42817482,1.6692789,13.401,,1.967962,1770922222,Building Products & Equipment
AMTX,-1.392,-3.0769234,,0.53229976,,48.822,,0.102941,-182139279.3,Oil & Gas Refining & Marketing
ARCB,1.577,30.716549,1.46,0.4331877,1.5333966,6.752,0.0066,1.80042,802635561,Trucking
AMN,1.87,40.149734,3.5,1.5030093,4.371216,16.668,,0.515756,807801020.8,Medical Care Facilities
BIDU,12.834,19.693783,138.92,,3.629536,,,1.170168,23751509412,Internet Content & Information
BBY,6.562,17.514479,1.49,0.6537763,7.257056,8.89,0.0191,1.524684,4099122384,Specialty Retail
BMY,-0.022,8.654155,0.49,3.7032478,2.9086323,10.137,0.0305,0.65126,50157408514,Drug Manufacturers—General
BA,-7.887,164.672,-1.76,1.9123319,,-67.954,,1.656512,-11821257865,Aerospace & Defense
BABA,9.31,27.77873,47.8,,10.429067,,,0.98897,67094459133,Internet Retail
BP,-6.42,14.826087,6.04,0.39351338,1.1854391,8.423,0.052800003,0.695097,68276543109,Oil & Gas Integrated
AXP,4.062,31.053669,5.72,3.1507688,4.643304,,0.0136,1.355042,21874117097,Credit Services
APTV,6.563,21.254,23.97,3.0253646,5.1155205,29.192,,2.259978,7363041482,Auto Parts
ACHC,1.133,45.904675,1.71,1.4709046,1.7542498,14.276,,1.494747,2638411098,Medical Care Facilities
ASH,-8.379,17.443993,1.05,2.2331746,1.7209163,15.306,0.0127,1.342436,3018371328,Specialty Chemicals
BAX,1.767,44.997173,2.9,3.5222564,4.7406397,15.759,0.012300001,0.646008,8567439228,Medical Instruments & Supplies
AMZN,34.202,96.25841,2.72,4.747531,19.966219,38.444,,1.198004,82591749462,Internet Retail
CU.TO,1.49,21.550335,-9.32,2.6740358,1.704081,11.922,0.0548,0.539933,3764869086,Utilities—Diversified
COOP,6.079,4.918572,0.16,1.0779852,1.1608945,17.547,,1.561449,2340025322,Mortgage Finance
CAR,-6.333,2052.5,3.11,0.46070278,,151.729,,2.310399,-75954906,Rental & Leasing Services
CAKE,-4.363,31.849623,7.67,0.9096621,5.970402,115.595,,1.705882,323419189.5,Restaurants
CPB,5.825,7.9965672,1.75,1.5948439,5.096838,11.711,0.0318,0.505777,2768614282,Packaged Foods
CAAS,-0.001,19.5,-13.82,0.5594927,0.7386364,14.577,,3.261029,293215507.2,Auto Parts
BYD,-1.708,24.434147,-19.76,2.3516917,5.3520675,20.323,,2.23897,1043902860,Resorts & Casinos
EXPN.L,72,36.61111,,4.675987,953.34534,18.106,0.0139,0.230847,2536282031,Consulting Services
DG,10.101,20.414812,1.13,1.554993,7.2323937,15.586,0.007,0.515756,6985468284,Discount Stores
CSNA3.SA,0.804,42.26368,,1.7353382,9.384148,14.419,0.0091,1.761847,4997378136,Steel
ELET6.SA,4.67,6.5481796,,1.436018,0.6324454,5.43,0.0585,0.853046,13535706845,Utilities—Regulated Electric
EMN,3.462,30.681688,4.68,1.6944666,2.3677583,12.365,0.025999999,1.548844,6077229948,Chemicals
CTSH,2.698,29.859154,9.02,2.5710766,3.897813,13.399,0.0109,1.121848,11049960023,Information Technology Services
CHNR,-0.234,,,,,,,1.490546,-3976607.7,Other Industrial Metals & Mining
ENGH.TO,1.77,35.683617,4.19,6.93924,7.0436044,23.268,0.0085,0.889768,495739698.3,Software—Application
CCL,-10.6,-5.7606835,0.06,2.158488,0.8885178,-56.062,,2.27731,20966980258,Travel Services
CCRO3.SA,0.326,38.374233,,2.5121944,3.159091,8.75,0.0295,0.821983,7999200000,Infrastructure Operations
CYD,3.412,5.108441,3.66,,0.56128037,,0.048800003,1.303046,1268813648,Specialty Industrial Machinery
CIEL3.SA,0.165,21.878786,,0.87285686,1.0674157,9.723,0.0238,1.126244,9155581571,Software—Infrastructure
CEA,1.55,13.180646,,,0.6720395,,0.0171,0.835523,9958736486,Airlines
DSCV.L,13.3,53.834587,,1.4161049,306.901,17.569,0.0085,0.735955,208700624,Electronic Components
EMBR3.SA,-6.081,5.4125,,0.8909614,0.40356028,276.013,,0.607726,15797536235,Aerospace & Defense
FE,1.341,23.31842,-1.87,1.5805115,2.3603563,16.181,0.0499,0.186974,7188232532,Utilities—Diversified
CLIG.L,29.5,16.271187,,7.313179,631.579,8.091,,0.786006,38516116,Asset Management
EZJ.L,-265.1,0.06167338,,1.1855572,186.97005,-8.975,,2.37334,1907975000,Airlines
DFS,3.596,25.659065,1.9,3.5856822,2.6026006,,0.0191,1.796218,10884071000,Credit Services
CL,3.13,24.980831,3.61,4.1468906,102.61155,17.033,0.0225,0.579306,653162796.3,Household & Personal Products
CLW,3.396,12.179034,1.52,0.37026283,1.3813373,6.255,,1.481092,496234754.4,Paper & Paper Products
EGIE3.SA,2.922,14.828885,,3.114033,4.948607,8.995,0.0049,0.561131,7144265568,Utilities—Regulated Electric
CMIG4.SA,1.337,10.321615,,0.8868369,1.2111638,6.479,0.0207,1.053763,11513864880,Utilities—Diversified
CJT.TO,-4.743,33.889805,,5.17434,16.149385,18.715,0.0045,0.767656,199003398.9,Integrated Freight & Logistics
CWB.TO,2.856,10.388656,2.02,3.20937,0.8785384,,0.039100002,1.889108,2941534446,Banks—Regional
ELET3.SA,4.67,6.4753747,,1.4360179,0.6254136,5.398,0.0537,0.853046,62317988585,Utilities—Regulated Electric
BTOW3.SA,-0.338,-307.9655,,5.5216694,5.241812,140.639,,1.350457,9538860331,Internet Retail
BT-A.L,15.2,8.878289,,0.60754764,89.66777,5.1,,0.783452,14925160033,Telecom Services
BX,1.128,57.650707,1.72,9.853017,7.373016,,0.0294,1.327205,5944733061,Asset Management
CRFB3.SA,1.19,16,,0.5596014,2.5574212,9.248,0.012999999,0.385047,14779814000,Food Distribution
FICO,7.9,62.80506,3.24,11.152314,43.60313,41.168,,1.182247,331108417.8,Software—Application
CSAN3.SA,2.621,29.3781,,2.2325373,2.780185,13.369,0.0195,1.205097,10592639634,Oil & Gas Refining & Marketing
FB,8.778,31.27136,1.72,9.90004,6.6450415,24.4,,1.182773,99305598713,Internet Content & Information
FFHL,-1.343,,,,0.9891643,,,1.148634,30440894.64,Packaging & Containers
FERG.L,423.5,21.553719,,0.94147795,466.97702,12.52,0.029000001,0.957099,4398954459,Industrial Distribution
DOL.TO,1.822,28.30406,2.01,4.024183,61.174377,19.412,0.0036,0.954455,262325576.3,Discount Stores
ENGI11.SA,0.919,51.860718,,0.60708106,12.618481,26.882,0.0128,1.569494,0,Utilities—Renewable
EL,1.665,150.04805,2.86,6.4708858,20.284996,35.743,0.0085,0.864495,2790042008,Household & Personal Products
DOC,0.441,41.292515,6.06,8.767264,1.4330684,19.394,0.0505,0.751575,2645978610,REIT—Healthcare Facilities
CMCSA,2.23,21.829596,3.26,2.1363842,2.5845501,10.088,0.0189,1.004201,85998346184,Entertainment
CTVA,-1.28,23.629215,2.53,2.2393608,1.2951901,14.152,0.0124,,24193649584,Agricultural Inputs
CMG,8.362,178.68692,5.04,7.1869593,23.15338,80.381,,1.310399,1805680680,Restaurants
CPRX,0.67,5.373134,,3.157314,2.382528,6.034,,1.530462,156612128,Biotechnology
FIZZ,3.45,28.533333,0.96,4.371462,8.155759,18.759,,1.367647,563006357,Beverages—Non-Alcoholic
DJCO,2.927,116.15989,,9.400004,3.3120646,464.52,,0.721638,141740891.3,Publishing
CGIX,-2.071,-70.16667,,2.717509,2.1961398,-5.502,,2.785714,7831520.1,Biotechnology
CSU,-130.087,-3.6053336,-0.01,0.14209336,,24.818,,2.481617,-263447578.8,Medical Care Facilities
DIS,-1.588,36.22222,2.48,4.793966,3.7416084,38.228,,1.199579,83778896802,Entertainment
CNQ,2.308,10.545927,5.91,,1.1755047,,0.0546,2.271947,24455027697,Oil & Gas E&P
DPZ,11.685,32.551987,2.02,3.8317027,,26.124,0.0082,0.381827,-3212155647,Restaurants
FMC,3.822,29.945053,1.82,3.1683493,5.0436277,14.051,0.0168,0.997899,2944445844,Agricultural Inputs
DAL,-19.49,10.38961,0.73,1.4922117,18.77053,-26.309,,1.45063,1359011188,Airlines
BURL,-2.53,37.09559,-12.24,2.941469,57.93523,-454.059,,0.747899,288409830.8,Apparel Retail
EMN,3.462,30.681688,4.68,1.6944666,2.3677583,12.365,0.025999999,1.548844,6077229948,Chemicals
CLR,-0.856,82.695656,1.37,2.5253205,1.1173776,6.845,,3.373949,6217012876,Oil & Gas E&P
F,-0.041,11.076924,-41.66,0.35010746,1.3836176,29.942,,1.273634,32534510281,Auto Manufacturers
CNC,3.772,16.306997,1.23,0.37247124,1.386172,7.538,,0.548319,25727957162,Healthcare Plans
DB,-1.123,17.285715,302.94,,0.28701702,,,1.409601,78330121347,Banks—Regional
EDU,2.362,71.59611,1.46,8.002997,5.8001785,55.08,,0.957457,4961359896,Education & Training Services
DLR,2.174,64.60902,7.74,11.082142,2.3517003,30.604,0.0319,0.11292,16733414477,REIT—Office
CORE,1.33,25.278194,5.6,0.111665204,2.450616,13.469,0.0155,0.382352,616278058.5,Food Distribution
CCJ,-0.105,28.113636,6.42,,1.3473479,,0.0051,0.650825,3634262273,Uranium
FCN,4.875,23.881025,2.59,1.7036868,2.7671611,13.689,,0.411239,1500359042,Consulting Services
C,4.874,12.583095,7.62,2.187723,0.70826405,,0.033299997,1.95168,1.80293E+11,Banks—Diversified
DXC,-15.199,8.375358,-1.42,0.39363027,1.6882292,5.843,,2.477415,4404889368,Information Technology Services
CSII,-0.663,-933,-2.47,8.04736,6.974137,-111.39,,1.182247,268392780.5,Medical Devices
CEO,11.5,8.493043,,,0.72455484,,0.0857,1.113891,60184831078,Oil & Gas E&P
DLTR,4.049,26.643616,1.75,1.0126039,3.644964,12.538,,0.773634,6960977624,Discount Stores
COST,9.74,37.197124,4.16,0.92802584,10.799773,19.414,0.0077,0.657563,14859811653,Discount Stores
FL,3.187,14.919987,-5.15,0.6537309,1.8711631,13.416,0.0126,1.269432,2648235344,Footwear & Accessories
FIVE,1.963,96.62251,5.5,5.917726,14.136543,58.59,,1.194327,749630598.9,Specialty Retail
D,-0.22,18.631443,-21.52,3.5278792,2.4631162,13.578,0.0349,0.305672,23943472066,Utilities—Diversified
CVX,-6.182,25.551533,939.7,1.6946045,1.299881,12.656,0.0561,1.318277,1.35844E+11,Oil & Gas Integrated
GBCI,2.569,19.929934,1.86,7.058266,2.1662788,,0.024300002,1.035714,2255128798,Banks—Regional
BWA,1.76,24.318182,2.37,1.1895218,2.1999485,8.445,0.0159,1.754201,4757117301,Auto Parts
ENDP,-0.678,3.0394735,-0.22,0.54887,,24.292,,1.419117,-782532216,Drug Manufacturers—Specialty & Generic
BRML3.SA,-0.105,12.226666,,7.3994756,0.73365873,19.146,,0.913181,10545769071,Real Estate Services
EQTL3.SA,2.853,7.7111816,,1.2244396,2.2876158,6.046,0.014500001,0.720031,9718074824,Utilities—Regulated Electric
CPG,-0.391,18.75,,,0.24656859,,0.0026,3.4099,6448948012,Oil & Gas E&P
CVS,6.05,12.25124,2.2,0.36570635,1.4100639,9.328,0.027,0.807247,68802851627,Healthcare Plans
FFH.TO,-2.375,11.279791,,0.65514946,1.0211661,65.698,0.027999999,0.959735,11269700711,Insurance—Property & Casualty
EXR,3.368,34.26663,5.49,11.171443,6.2356825,23.83,0.0312,0.186974,2431173864,REIT—Industrial
CASY,8.823,22.374475,3.26,0.9923804,3.9204433,10.898,0.0069,0.875,1859860238,Grocery Stores
CS,-0.141,8.745222,,,0.8127146,,0.0224,1.732379,41248390400,Banks—Diversified
FCX,-0.079,14.050691,0.16,3.2538567,4.7962875,21.045,0.0348,2.266281,9235894692,Copper
HIBB,3.3,16.448484,1.34,0.6644706,2.4139464,6.46,,1.67647,373215882.2,Specialty Retail
MCK,13.031,14.197681,1.11,0.12684333,5.043481,9.9,0.0091,0.936449,5946901228,Medical Distribution
MAR,0.538,228.43867,54.39,13.313429,174.07933,44.305,,1.828256,228978392,Lodging
JBSS3.SA,1.132,21.651945,,0.25464147,1.6502827,5.218,0.022,0.380326,38771592273,Packaged Foods
H,-1.761,-28.882114,-4.01,5.6736817,2.1455534,1463.426,,1.530462,1274232085,Lodging
IHG,-0.718,26.23077,,4.4316654,,33.586,,0.920441,-1617784192,Lodging
KLBN11.SA,-0.598,16.801168,,11.181195,59.979122,48.528,0.003,0.459976,2521087147,Paper & Paper Products
IOSP,1.511,63.93779,4.89,1.865408,2.5657983,16.131,0.0108,1.334033,925506974.7,Specialty Chemicals
KMX,4.551,26.068995,4.31,0.9698775,4.685069,27.258,,1.760504,4116025540,Auto & Truck Dealerships
HAS,2.82,34.56738,3.1,2.583471,4.8157296,18.863,0.0279,0.890231,2773781664,Leisure
JMAT.L,52.8,56.723484,,0.39329034,213.62338,11.823,0.0173,1.28907,2713332548,Specialty Chemicals
LCII,5.492,25.644573,1.14,1.3746462,4.0461965,14.476,0.0209,1.614495,875567393.6,Recreational Vehicles
IMAX,-1.746,65.96428,-0.27,5.295707,2.725797,-29.287,,1.856092,398843491.2,Entertainment
JUBLFOOD.NS,10.375,264.69397,,11.37929,32.244884,80.559,0.004,1.082437,11239403823,Restaurants
JPM,8.88,15.066441,10.13,3.9973276,1.6365548,,0.0269,1.221113,2.49292E+11,Banks—Diversified
MANH,1.299,91.00077,4.81,12.680201,39.949306,61.475,,1.931722,187974617.6,Software—Application
HSY,5.697,26.01369,3.09,3.8402188,14.930486,16.981,0.0217,0.305672,1464382780,Confectioners
GILD,1.007,66.47468,5.92,3.625148,4.807872,13.909,0.040599998,0.525735,17452897967,Drug Manufacturers—General
GOGO,-3.336,-30.675001,-0.3,1.2999144,,14.304,,1.478466,-647301731.4,Telecom Services
GMED,0.934,69.93576,4.68,8.400284,4.5477962,36.49,,1.018382,1095058101,Medical Devices
HOG,0.725,57.034477,105.12,1.4400077,3.534188,34.821,0.0019,1.573004,1793364394,Recreational Vehicles
JRJC,-3.624,,,0.59534335,1.0393872,,,1.569852,22319514.4,Capital Markets
LREN3.SA,1.591,25.782528,,4.2572856,6.148082,32.83,0.0094,0.91119,5290975850,Department Stores
GNDI3.SA,1.177,82.871704,,5.7597136,8.366787,33.204,0.0017,0.955319,7105305902,Healthcare Plans
GGBR4.SA,0.828,30.62802,,1.0197635,1.3796105,11.08,0.014199999,2.025886,20757504978,Steel
HMC,5.794,4.7618227,,,0.6398868,,0.026300002,1.097548,74446245440,Auto Manufacturers
MCO,9.605,27.76679,2.53,9.425341,33.46299,20.289,0.0084,1.172794,1496766000,Financial Data & Stock Exchanges
ITSA4.SA,0.814,13.366094,,17.091782,1.6792715,92.873,0.0072,1.169653,35770429213,Banks—Regional
IRBR3.SA,0.322,21.490685,,0.80771893,1.7816684,8,0.0295,1.036855,4875895796,Insurance—Reinsurance
LULU,4.261,81.28843,4.28,11.092669,20.87195,48.04,,1.225315,2076416185,Apparel Retail
GOOS,0.683,46.85212,2.74,,16.640665,,,1.527661,113731219.8,Apparel Manufacturing
KALU,0.776,128.3634,-14.14,1.2407856,2.1786964,10.83,0.0286,1.240021,722933784,Aluminum
LAME4.SA,0.353,70.169975,,2.0754476,3.6920555,21.285,0.009,0.898845,8150093200,Department Stores
ICE,3.628,30.848951,2.28,11.092866,3.300891,22.93,0.0107,0.681722,19030894219,Financial Data & Stock Exchanges
KSU,6.54,33.269115,2.57,7.736016,4.568993,,0.0081,,4457401794,Railroads
HSW.L,10.8,6.9398146,,,44.560043,,,2.219611,195651922,Travel Services
GWO.TO,2.741,11.058008,2.71,0.5170244,1.3426356,-18.603,0.057800002,0.833003,20943436483,Insurance—Life
GLEN.L,-24.9,5.886956,,0.2019794,99.26686,8.21,0.1282,1.475485,36348691186,Other Industrial Metals & Mining
LLOY.L,1,34.77,,2.0121548,60.680626,,,1.289581,40590860280,Banks—Regional
LVS,-0.99,43.69355,2.76,6.9262257,12.940053,70.934,,1.366596,3198147702,Resorts & Casinos
KO,1.93,25.124353,11.75,6.2257595,11.198615,21.376,0.033800002,0.581407,18607871969,Beverages—Non-Alcoholic
HNP,0.32,47.25,,,0.4684015,,0.0513,0.613891,12668350560,Utilities—Independent Power Producers
HYPE3.SA,1.898,18.25606,,5.6528134,2.3424826,33.532,0.0335,0.605734,9369415630,Drug Manufacturers—Specialty & Generic
HSBA.L,-11,5.29026,,1.900068,42.802353,,,0.573544,1.93845E+11,Banks—Diversified
GIS,3.902,14.343926,3.02,1.8714217,4.0024314,11.684,0.0364,0.553046,8550334896,Packaged Foods
HTLD,0.87,22.402298,1.46,2.4361064,2.170137,7.788,0.0041,0.536239,724344593,Trucking
GTT,-2.859,-2.5789475,-0.05,0.13544759,1.1642412,10.218,,1.641281,198045256.5,Telecom Services
GPS,-2.903,18.072,6.23,0.60137475,3.5630915,88.053,,1.524159,2371343809,Apparel Retail
LAZ,2.547,17.055359,2.33,1.8886744,6.574845,,0.0433,1.666491,693946424,Capital Markets
KEY,1.274,14.285714,-18.35,3.1348755,1.104369,,0.040700004,1.579306,16092275436,Banks—Regional
JBLU,-2.958,-11.07971,0.12,1.1114374,1.1208856,-9.151,,1.570378,4289535328,Airlines
MCD,6.555,32.55225,6.29,8.352909,,23.061,0.0242,0.580882,-8471911797,Restaurants
L,-3.892,16.031034,,1.0022625,0.7360439,29.463,0.0054,0.896008,17361527921,Insurance—Property & Casualty
JJSF,0.96,159.46875,8.92,2.8393543,3.5771198,35.016,0.0152,0.579306,811247092.9,Packaged Foods
HRB,1.022,16.32094,0.53,0.9849572,,6.632,0.0624,0.717436,-279895868,Personal Services
MAT,-0.011,33.4,5.09,1.4427052,15.808951,17.561,,1.423319,404422480,Leisure
GSK,0.992,38.669357,3.75,,15.943476,,0.0542,0.319713,6051066132,Drug Manufacturers—General
GEO,1.16,7.2068963,0.48,0.4236942,1.067552,9.846,0.115600005,0.872899,950017765,REIT—Healthcare Facilities
GRPN,-7.901,35.31522,0.87,0.555191,9.486132,-43.29,,2.577205,98683497.5,Internet Content & Information
ITUB4.SA,1.898,15.421496,,3.9613776,2.103788,,0.01,1.180804,66840420549,Banks—Regional
LE,0.505,59.38614,5.11,0.67978674,2.8351295,15.121,,2.665441,344925308.4,Specialty Retail
LYFT,-5.374,-35.15441,0.32,5.3988166,7.5780635,-8.927,,,1947714480,Software—Application
ILMN,4.314,94.17014,14.11,18.317635,12.619595,57.491,,1.133403,4700032000,Diagnostics & Research
KDP,0.91,34.582417,1.92,3.8742154,1.9010509,16.73,0.0191,0.605128,23295617295,Beverages—Non-Alcoholic
MA,6.663,49.375656,5.16,21.030994,56.624783,36.55,0.0053,1.185924,5743010793,Credit Services
KL,2.833,14.179315,,4.94603,2.224622,6.864,0.0185,0.645717,4821652368,Gold
K,3.452,16.88876,7.33,1.4811492,6.5831075,12.19,0.039100002,0.601365,3043922257,Packaged Foods
M,-12.118,19.51515,0.35,0.20364398,1.7829458,555.098,,2.01313,2242893188,Department Stores
GM,2.23,24.84305,1.43,0.68479586,1.7895213,16.488,,1.438025,44310493494,Auto Manufacturers
LUV,-3.014,-175.51851,0.46,2.1921318,2.863444,113.734,,1.22689,9772344435,Airlines
IRM,0.46,65.54348,15.91,2.084935,9.268368,13.729,0.082100004,0.822478,937420289,REIT—Specialty
KKR,1.707,23.550089,1.52,4.8522677,2.1484687,,0.013099999,1.423844,10650095229,Asset Management
LMT,23.21,14.643689,1.71,1.4801848,19.199007,10.737,0.0306,0.912815,4953016152,Aerospace & Defense
KWR,0.36,760.8333,4.7,3.4319513,3.9837103,29.83,0.0059,1.521008,1226011658,Specialty Chemicals
JNJ,6.36,25.715408,4.72,5.3249226,6.6771455,16.048,0.0247,0.695903,64481432409,Drug Manufacturers—General
HBIO,-0.173,15.137931,2.74,1.6760288,2.2171717,25.297,,1.733193,77171490,Medical Instruments & Supplies
HES,-10.58,-37.223602,0.91,3.7672722,3.0902903,14.467,0.0167,2.243697,5955144106,Oil & Gas E&P
GOOG,51.752,36.73385,2.17,7.472038,6.0510426,24.563,,0.994747,1.03634E+11,Internet Content & Information
REGN,27.286,19.70901,1.6,6.2080765,5.6012335,16.849,,0.298319,10067425427,Biotechnology
RBA,1.569,40.17846,5.2,5.2476563,7.1865025,23.484,0.014,1.134453,962393664,Specialty Business Services
NOV,-6.734,-49.666664,-2.58,0.7391568,0.9527531,28.351,,2.222163,5464815800,Oil & Gas Equipment & Services
MVR.L,-1.2,,,322.86658,471.42856,-2.875,,1.351337,17564890.11,Entertainment
RF,1.03,17.2233,-1.01,3.4372153,1.0349454,,0.0349,,16462971153,Banks—Regional
PCG,-5.763,9.606558,2.7,1.2597033,1.1175741,10.893,,1.304621,20812185422,Utilities—Regulated Electric
MGLU3.SA,0.05,519.8,,6.588533,22.81826,178.129,0.0023,0.983671,7361801447,Specialty Retail
MSFT,6.199,36.44943,2.28,11.612049,13.850917,24.273,0.0099,0.826155,1.23334E+11,Software—Infrastructure
SFIX,-0.559,-692.2857,-22.24,5.7832966,23.679453,-214.096,,2.454904,257459523.2,Specialty Retail
MOV,-5.968,10.23,2.33,0.91425705,1.2188002,19.859,0.019299999,1.060924,278415752.4,Luxury Goods
ROLL,4.301,42.9621,4.5,6.9675074,3.9134212,25.707,,1.404411,1185203360,Tools & Accessories
PEP,5.05,27.443563,4.17,2.7936728,14.215817,18.001,0.0295,0.582457,13472727416,Beverages—Non-Alcoholic
PRU,-0.238,7.0615387,2.12,0.5437604,0.4933863,51.865,0.0533,1.704831,66312180000,Insurance—Life
RAD,-7.415,47.09524,-9.25,0.045793403,1.7900453,12.695,,1.001575,610229620,Pharmaceutical Retailers
RIO,4.407,18.470615,,2.4278831,3.3562858,7.879,0.047399998,0.635852,30241064924,Other Industrial Metals & Mining
MNDI.L,161.8,11.31026,,,238.68529,,0.0379,0.764555,3722742395,Paper & Paper Products
MRK,4.528,17.884277,1.81,4.32724,7.0191565,11.909,0.0321,0.443277,29188957033,Drug Manufacturers—General
RELIANCE.NS,65.388,31.345201,,3.0189946,2.6794643,17.154,0.0032,,5.1725E+12,Oil & Gas Refining & Marketing
OKE,1.46,29.342464,-10.38,2.204675,3.0976138,13.565,0.087299995,1.954306,6146010399,Oil & Gas Midstream
RAIL3.SA,0.312,66.82692,,5.546142,2.5769374,16.023,,0.42127,14997719942,Railroads
MDIA3.SA,2.417,12.465866,,1.4056762,1.566171,10.069,0.0147,0.835523,6502482168,Packaged Foods
SBSP3.SA,1.754,23.36374,,1.5905851,1.2909933,6.639,0.0342,0.825567,21696658438,Utilities—Regulated Water
PCAR,4.1,24.109756,-34.45,1.776491,3.3612158,18.399,0.0129,1.023109,10179895706,Farm & Heavy Construction Machinery
RR.L,-301.7,0.038981445,,0.5929546,,-4.663,,1.658835,-35495359743,Aerospace & Defense
SINA,-1.455,15.222616,8.57,1.2268214,1.0954864,7.208,,0.993697,2349027753,Internet Content & Information
NCTY,-1.28,,,,,,,1.999474,-47922921.27,Electronic Gaming & Multimedia
NXT.L,256.8,30.817759,,2.9706883,2582.8982,19.688,,1.128702,407355736,Apparel Retail
NVS,3.087,31.3897,1.93,4.4504743,4.0452533,13.607,0.0319,0.539325,54483375300,Drug Manufacturers—General
PLOW,-4.102,23.852459,2.93,2.0687258,5.311511,21.688,0.0257,0.879201,187842935,Auto Parts
PZZA,0.821,120.36541,8.11,1.8492067,,26.957,0.0091,1.02521,-292417822.8,Restaurants
MSEX,2.179,33.887104,12.6,9.233382,3.7704246,28.159,0.0143,0.23792,341541043.2,Utilities—Regulated Water
OPY,4.978,6.5046206,,0.38502935,0.6581167,,0.0148,1.156512,613295385.1,Capital Markets
NTCO3.SA,-0.716,,,2.2928305,2.5132465,51.691,,,26982808194,Household & Personal Products
PSA,6.49,34.328197,1.97,13.201562,8.109712,23.761,0.0359,0.080357,4802709984,REIT—Industrial
NGS,0.144,60.13889,-1.73,1.6482464,0.45385462,4.216,,2.21376,256998172.8,Oil & Gas Equipment & Services
MKC,2.825,32.520355,6.68,4.4346113,6.233123,23.961,0.0148,0.4375,3665530344,Packaged Foods
PSSA3.SA,5.112,9.657668,,0.79458314,1.7914943,0.835,0.0427,0.806849,8874089590,Insurance—Diversified
RADL3.SA,0.247,101.376526,,2.14021,9.897234,33.751,0.0045,0.452011,4173108460,Pharmaceutical Retailers
PNC,16.972,8.989512,-9.56,4.7129307,1.197736,,0.030199999,1.362394,54009968000,Banks—Regional
PBH,3.21,11.862928,2.92,1.988273,1.4943882,10.128,,0.755777,1276745032,Medical Distribution
MULT3.SA,1.594,12.785445,,10.569204,1.8972259,17.36,0.0293,0.917562,5992564088,Real Estate Services
PLNT,0.075,1057.7333,100.58,16.161983,,56.114,,1.278886,-731590660,Leisure
NP,-0.624,18.672413,5.18,1.1383085,2.4790552,10.757,0.0343,1.487394,367014823.2,Paper & Paper Products
RENT3.SA,1.158,58.298794,,4.8921533,8.85958,36.401,0.005,1.303464,5727732837,Rental & Leasing Services
SDR.L,162.4,21.428572,,3.6094582,249.40872,6.711,0.0323,1.227272,3153378000,Asset Management
PYPL,2.65,95.09434,2.8,14.545833,15.979708,72.163,,1.116071,18477551048,Credit Services
ONB,1.36,13.316176,1.59,3.8484375,1.0074544,,0.031600002,1.016281,2972637336,Banks—Regional
SEIC,2.983,19.91284,1.72,5.162097,4.962821,16.671,0.0125,1.198529,1730358330,Asset Management
PG,5.292,24.565382,2.57,4.3274403,6.7683654,16.37,0.024300002,0.375525,47296850902,Household & Personal Products
PETR4.SA,-3.421,8.795455,,1.252,1.42639,6.165,0,1.992433,1.06393E+11,Oil & Gas Integrated
SAVE,-2.464,-17.293749,0.07,1.1847199,1.1242484,-16.894,,1.594012,2404058418,Airlines
QSR,1.844,32.581345,1.13,3.6087081,7.7924776,17.042,0.0346,1.199579,2342891608,Restaurants
OZK,2.26,15.911504,1.04,5.8944526,1.0887402,,0.0305,1.880252,4271574512,Banks—Regional
SBRY.L,-0.2,0.11598303,,0.18978862,75.69231,6.947,0.026500002,0.388165,7228617344,Grocery Stores
SFM,2.119,10.103823,0.68,0.405222,3.1255474,8.225,,0.284138,807957500,Grocery Stores
OTB.L,-27.7,0.17504698,,17.404814,384.81406,-14.731,,2.469356,152422240.3,Travel Services
RBGLY,2.4296,7.1863675,,,3.3922672,,0.0215,0.115934,18342260960,Household & Personal Products
SGE.L,28.1,21.601423,,3.4961667,401.45505,12.238,0.0377,0.494382,1657272960,Software—Application
NTES,6.669,17.507872,157.04,,2.2745602,,0.007900001,0.610294,35187130487,Internet Content & Information
SBUX,0.79,131.53165,0.75,5.18578,,45.996,0.0173,0.816701,-7804791387,Restaurants
RIO,4.407,18.470615,,2.4278831,3.3562858,7.879,0.047399998,0.635852,30241064924,Other Industrial Metals & Mining
RLH,-0.921,-7.229167,-0.14,1.313101,0.68726486,-7.216,,1.699579,128571270.3,Lodging
NFG,-1.41,9.697674,1.36,2.4531384,1.9233431,8.459,0.0429,0.667542,1971980265,Oil & Gas Integrated
MDC,4.788,11.645781,0.63,0.9567472,1.8193682,10.308,0.0287,1.529936,1988049946,Residential Construction
REV,-6.741,-3.688406,-0.63,0.27460974,,43.197,,2.716386,-1582979741,Household & Personal Products
NCLH,-13.448,-4.7471046,0.06,2.8213882,1.6580136,-39.53,,2.870273,4681197516,Travel Services
MET,6.105,8.330876,2.44,0.6980861,0.62820375,14.949,0.036199998,1.353991,72860770341,Insurance—Life
PSON.L,34.4,20.784883,,1.5245371,129.76405,15.392,0.0271,0.16241,4149581176,Publishing
SANB11.SA,0.834,48.681053,,5.008939,2.9267588,,0.0174,1.066507,0,Banks—Regional
MNST,2.219,39.74763,2.6,10.535498,10.058159,27.873,,1.110819,4629304103,Beverages—Non-Alcoholic
RDSA.L,-214.5,,,0.49268812,70.370186,6.114,0.0347,0.965781,82758923251,Oil & Gas Integrated
MIDD,4.787,28.566952,3.12,2.957311,3.7439084,17.997,,1.767331,2031294870,Specialty Industrial Machinery
MCRO.L,-258,1.9057692,,0.42209575,26.447824,5.73,,2.406026,5020080720,Software—Infrastructure
PTR,4.4,7.4340906,,,0.32354105,,0.0773,0.839121,1.85034E+11,Oil & Gas Integrated
PKX,8.628,6.9517846,1.29,,0.52410257,,0.025999999,1.05217,36457730211,Steel
NTIC,-0.147,22.523079,1.37,2.9111686,2.2835753,-58.386,0.0179,1.230567,58369847.04,Specialty Chemicals
ROCK,2.661,36.223225,1.62,2.7913344,4.1981707,20.343,,1.243172,746707416,Building Products & Equipment
PSX,-6.137,23.253206,14.1,0.4123865,1.6068305,35.807,0.049200002,1.659138,19721956800,Oil & Gas Refining & Marketing
ONGC.NS,2.577,35.991463,,0.35185784,0.555017,4.993,0.062,1.067702,2.10232E+12,Oil & Gas Integrated
PFE,1.538,23.76463,-12.81,4.176027,3.1122274,13.256,0.0427,0.638655,65277849600,Drug Manufacturers—General
NKE,1.774,78.5513,1.38,5.7427692,20.62611,43.321,0.007900001,0.836659,8590119312,Footwear & Accessories
PETR3.SA,-3.421,8.037681,,1.2519989,1.4600884,6.236,0.0342,1.992433,1.41343E+11,Oil & Gas Integrated
MTh,9.698,9.825737,-4.86,0.82142144,1.6292231,7.986,,1.65231,2199856505,Residential Construction
MYGN,-2.605,190.21428,-10.53,3.3520591,2.2022824,-25.467,,1.722163,909445317.6,Diagnostics & Research
RGLD,3.59,29.2312,1.89,13.167473,2.92687,16.75,0.0114,0.67647,2352187328,Gold
SHOP,1.619,739.16,3.1,59.724747,23.619389,2375.085,,1.595063,5575489304,Software—Application
ORCL,3.306,18.257713,1.3,4.6122713,22.505594,12.345,0.015700001,0.750525,8075206937,Software—Infrastructure
NXPI,-0.511,20.986603,3.06,5.73411,5.4300213,24.204,0.0086,1.505777,8876747758,Semiconductors
SO,2.988,20.127176,4.36,3.149032,2.245454,13.137,0.042600002,0.388655,28289275920,Utilities—Regulated Electric
TVTY,-11.025,16.147058,-2.27,0.94657636,477.3913,9.414,,2.488445,2236510.8,Medical Care Facilities
ULVR.L,252.7,17.324892,,,871.2438,,0.0342,0.085801,13211931322,Household & Personal Products
TAL,-0.064,73.07693,2.05,11.4338,10.790855,2416.904,,0.117121,4228525697,Education & Training Services
SNA,10.695,16.64142,1.63,2.5302515,2.6660075,10.989,0.0276,1.287289,3619312481,Tools & Accessories
SNP,9.1,5.656044,,,0.5681016,,0.0849,1.057201,1.0969E+11,Oil & Gas Integrated
SSSS,0.225,65.155556,,224.27881,1.3047347,,0.059299998,1.6896,223753704,Asset Management
SN.L,44.6,37.073994,,3.09317,289.88428,17.419,0.0183,0.390704,5002265263,Medical Devices
VALE3.SA,3.042,30.627874,,2.7852044,2.45559,7.9,0.1034,0.900836,1.94639E+11,Other Industrial Metals & Mining
ZTO,0.896,36.875,115.5,,5.1705794,,,0.267015,5465373339,Integrated Freight & Logistics
STAN.L,23,20.08261,,1.1277478,39.10099,,,1.304902,37283953962,Banks—Diversified
WYN.L,31.4,11.146497,,0.15278848,72.25433,7.128,0.04,1.180796,97127044,Agricultural Inputs
TGT,7.539,25.455631,1.49,1.0844309,7.2152042,12.021,0.014199999,0.968487,13319560041,Discount Stores
SYY,-0.042,23.644655,1.74,0.77578497,29.440096,22.568,0.0239,1.367121,1300902906,Food Distribution
T,1.52,19.032896,-5.07,1.1924067,1.1741548,7.344,0.0719,0.679621,1.75578E+11,Telecom Services
WEGE3.SA,1,88.97,,11.409121,16.78046,65.276,0.0017,0.901234,11122217650,Specialty Industrial Machinery
SUZB3.SA,-11.466,21.670034,,2.9439595,65.075836,12.448,,0.852847,1334378548,Paper & Paper Products
UNH,16.028,21.683928,1.58,1.2824199,4.888117,14.227,0.014400001,0.743697,67462121352,Healthcare Plans
WNC,-1.589,22.76,18.84,0.5455416,2.2729692,13.519,0.0189,1.847689,397656002,Farm & Heavy Construction Machinery
URBN,-0.083,14.784531,-136.26,0.74109685,1.8282435,18.888,,1.615021,1431299537,Apparel Retail
V,4.888,41.32979,3.14,20.385195,13.790703,29.604,0.0063,0.956407,24840016320,Credit Services
UU.L,16.1,57.937885,,3.4983227,224.66281,13.192,0.045900002,0.188457,2831198976,Utilities—Regulated Water
TLW.L,-222,0.9848485,,0.29817218,,5.643,0.2309,2.390194,-138578861.6,Oil & Gas E&P
TR,0.878,34.32802,,4.187327,2.6247497,20.307,0.0119,-0.011554,451696436.3,Confectioners
TSN,5.86,11.351535,2.65,0.56192416,1.5699787,6.942,0.026800001,0.750525,12490379071,Farm Products
VZ,4.42,13.002262,4.34,1.8525106,3.6549225,7.759,0.0437,0.398634,65067326908,Telecom Services
SIRI,0.236,25.29661,1.94,3.2060552,,14.693,0.0098,1.129726,-905143479.6,Broadcasting
VIV,1.396,5.8667617,-1.61,,0.7351884,,0.0913,0.259259,18806213622,Telecom Services
VFC,-0.129,28.62116,5.93,3.6572301,11.102873,37.9,0.0234,0.973992,2945700212,Apparel Manufacturing
TWTR,-1.582,53.4,3.64,11.129091,4.8752284,118.068,,0.863445,7840560458,Internet Content & Information
ZNGA,-0.394,25.5,2.24,6.5538583,4.10817,36.128,,0.199054,2812953167,Electronic Gaming & Multimedia
WBK,1.701,9.847149,,,1.2043428,,0.047,0.78192,50213026628,Banks—Diversified
WTB.L,-398.3,0.12528099,,5.0869803,134.44473,-202.819,,1.212972,4685351076,Restaurants
SMIN.L,66.4,22.51506,,2.3254936,249.62431,19.038,0.0234,0.759448,2373710157,Specialty Industrial Machinery
ZENA.TO,-0.306,3,,1.0287628,0.8633093,-35.605,,0.724713,105924672,Drug Manufacturers—Specialty & Generic
VRSK,4.029,47.84314,3.41,11.404966,12.956913,28.164,0.0055,0.785189,2418851430,Consulting Services
VRA,0.394,21.497463,0.73,0.5861756,0.9284227,7.457,,1.856092,304793043.9,Footwear & Accessories
TXRH,0.78,102.19231,10.82,2.228419,6.133898,34.329,,1.004201,902925035.5,Restaurants
TRCH,-0.14,-27.5,,515.3403,10.443037,-62.305,,2.611869,15743309.6,Oil & Gas E&P
WDFC,5.24,55.139313,5.47,9.102238,22.66473,40.809,0.0093,-0.155987,174497173.6,Specialty Chemicals
YORW,1.25,36.568,7.76,11.155453,4.2175674,22.53,0.0164,0.147584,141435900,Utilities—Regulated Water
XOM,0.778,60.964012,-9.98,1.0239198,1.13047,14.338,0.0734,1.344012,1.774E+11,Oil & Gas Integrated
WFC,0.41,77.80488,-3.13,2.2709439,0.8030005,,0.0125,1.272584,1.64625E+11,Banks—Diversified
UGP,0.523,7.6864243,35.8,,0.90134525,,0.0257,1.17483,4852658115,Oil & Gas Refining & Marketing
WYND,-1.041,15.0623045,-5.88,1.6625525,,30.014,0.0248,1.931197,-999940653.2,Lodging
SUN,1.59,19.477987,-2.41,0.2514491,4.0526037,10.113,0.1066,1.852415,634966932.8,Oil & Gas Refining & Marketing
UNFI,2.004,12.48503,-1.38,0.052231092,1.221143,7.643,,1.503676,1150158211,Food Distribution
SVT,0.511,16.829746,,0.38154536,0.59388167,6.874,,0.873424,36034954.83,Electrical Equipment & Parts
YUM,3.444,31.094656,4.04,5.765773,,22.247,0.0176,1.012079,-7910338296,Restaurants
UL,2.527,23.609022,,,11.872637,,0.0325,0.085801,13211931322,Household & Personal Products
WORK,-1.772,-203.09525,,29.477175,31.9955,-100.264,,,653896474.3,Software—Application
SULA11.SA,6.945,5.7509,,0.64188874,1.7827969,0.025,0.048499998,0.954998,8830142808,Insurance—Property & Casualty
ULTA,4.013,74.73711,252.69,2.6995711,9.110572,26.601,,1.726365,1854666712,Specialty Retail
UBER,-3.977,-35.730263,-0.22,7.7449694,10.695156,-26.725,,,9401003285,Software—Application
TAK,0.8115,22.341341,4642.72,,1.4445639,,0.0469,1.091419,39241774056,Drug Manufacturers—Specialty & Generic
SJW,1.492,45.315014,2.35,3.4808185,2.1141999,17.236,0.0189,0.303571,913198719.8,Utilities—Regulated Water
THS,-0.09,13.328948,1.46,0.53101873,1.2528601,8.94,,0.620798,1827620546,Packaged Foods
SOHU,-3.764,24.746666,0.1,0.49513248,2.5677917,10.274,,2.222325,283834163.6,Internet Content & Information
TAP,2.69,18.780668,-4.97,1.1140219,0.8101737,8.496,,1.157037,12489919530,Beverages—Brewers
UBS,1.517,9.808833,0.73,1.700739,0.89800847,,0.024500001,1.210929,59452167391,Banks—Diversified
TSLA,0.523,1618.8146,0.86,28.482784,50.067417,200.207,,2.190651,16029005775,Auto Manufacturers
UTSI,-0.506,-11.625,,1.6390346,0.7676434,-2.858,,1.431722,86298294.9,Communication Equipment
UGI,2.54,14.637795,1.76,1.1814895,1.8766404,9.02,0.0355,0.942226,4129395190,Utilities—Regulated Gas
ZNH,2.25,12.284444,,,0.67414635,,,1.645556,12570025344,Airlines
SRE,13.013,9.332974,2.08,3.14438,1.741818,14.306,0.0344,0.616071,20113860336,Utilities—Diversified
SKYW,2.183,19.45946,18.14,0.93375695,0.97556496,12.331,,2.099264,2183304869,Airlines
SU,2.268,7.8042336,1.92,,0.82826394,,0.036,1.953795,32592454474,Oil & Gas Integrated
ZGNX,-3.835,-6.892857,-0.57,151.55017,2.5455024,-3.158,,1.519957,422113444.2,Biotechnology
TCS,0.378,32.8836,1.01,0.7223586,2.0869713,14.232,,1.579306,301106175.6,Specialty Retail
TWI,-1.123,-176.25002,-0.34,0.3505993,2.5432901,35.756,,2.46376,170137044,Farm & Heavy Construction Machinery
UAA,-1.659,142.38463,8.99,1.7306448,5.7235622,76.963,,1.126575,609718956,Apparel Manufacturing
TJX,0.622,107.57236,32.46,2.405199,14.429588,44.42,0.0155,0.9375,5567321384,Apparel Retail
VOD,-2.82,23.131578,,,0.6856474,,0.060599998,0.788049,68802374359,Telecom Services
TEVA,-3.685,4.771863,1.46,0.7841247,1.4337941,8.462,,1.495798,9593025830,Drug Manufacturers—Specialty & Generic
WEN,0.459,45.42484,3.34,3.4366977,8.960035,20.963,0.013400001,0.990546,521524931.6,Restaurants
SSRM,0.498,35.08032,-1.1,5.8494954,1.1499473,16.916,,1.262706,3334203554,Gold
X,-10.224,45.02381,-0.49,0.41665894,1.2083839,-29.77,0.0021,2.48792,3448664024,Steel
